-- ============================================================================
-- Données existantes exportées de D1
-- Généré automatiquement par scripts/convert-to-seed.js
-- Date: 2026-06-17T05:35:09.421Z
-- ============================================================================

-- ⚠️ IMPORTANT : Désactiver les contraintes de clé étrangère pendant l'import
PRAGMA foreign_keys = OFF;


-- USERS
INSERT OR REPLACE INTO users (id, agency_id, username, password_hash, email, name, role, color, theme, avatar_url, is_active, created_at, updated_at) VALUES ('sa_001', NULL, 'superadmin', 'pbkdf2$100000$tmFmH4N+/MiWKO2Qx0MhYw==$A0vtjEOPz/zkqLpI02YP6GCHuco5+6zrzYy5qamqG/0=', NULL, 'Super Administrateur', 'super_admin', '#7c3aed', 'blue', NULL, 1, '2026-06-13 05:24:10', '2026-06-15 02:17:28');
INSERT OR REPLACE INTO users (id, agency_id, username, password_hash, email, name, role, color, theme, avatar_url, is_active, created_at, updated_at) VALUES ('a0eebc99-9c0b-4ef8-bb6d-6bb9bd380a11', 'agency_lems_2026', 'admin', 'pbkdf2$100000$2YgCBYZOKfuPPctwl5IHAw==$79p1UvZagM9QO6BIVuRM39acjK3uTEXQPs+xWG1l04U=', NULL, 'Coordinateur (Lems)', 'admin', '#4318FF', 'blue', NULL, 1, '2026-06-13 05:24:10', '2026-06-15 11:46:46');
INSERT OR REPLACE INTO users (id, agency_id, username, password_hash, email, name, role, color, theme, avatar_url, is_active, created_at, updated_at) VALUES ('p_lem_003', 'agency_lems_2026', 'assistante', 'Planner2026', NULL, 'Koloina', 'planner', '#f59e0b', 'light', NULL, 1, '2026-06-13 05:24:10', '2026-06-15 02:30:07');
INSERT OR REPLACE INTO users (id, agency_id, username, password_hash, email, name, role, color, theme, avatar_url, is_active, created_at, updated_at) VALUES ('client_ny_001', NULL, 'marie', 'mariage2026', NULL, 'Jenny (Mariée)', 'client', '#ec4899', 'light', NULL, 1, '2026-06-13 05:24:10', '2026-06-15 11:43:49');
INSERT OR REPLACE INTO users (id, agency_id, username, password_hash, email, name, role, color, theme, avatar_url, is_active, created_at, updated_at) VALUES ('client_nd_001', NULL, 'marie2', 'mariage2026', NULL, 'Ny Andry (Marié)', 'client', '#3b82f6', 'light', NULL, 1, '2026-06-13 05:24:10', '2026-06-15 11:43:33');
INSERT OR REPLACE INTO users (id, agency_id, username, password_hash, email, name, role, color, theme, avatar_url, is_active, created_at, updated_at) VALUES ('u_1781520853282', NULL, 'Jenny', 'pbkdf2$100000$K1gRCqdhK86WyQDLQIyNDQ==$mmqU9Mu+qpXG3uAvNE32QbQ9SeBYxJ72hG4rQZbxtiQ=', NULL, 'Jenny', 'admin', '#4318FF', 'emerald', NULL, 1, '2026-06-15 10:54:14', '2026-06-15 11:45:23');

-- AGENCIES
INSERT OR REPLACE INTO agencies (id, name, owner_user_id, logo_url, created_at) VALUES ('agency_lems_2026', 'Lems Coordination', 'a0eebc99-9c0b-4ef8-bb6d-6bb9bd380a11', NULL, '2026-06-13 05:24:10');

-- PROJECTS
INSERT OR REPLACE INTO projects (id, agency_id, name, couple, date, venue, status, color, budget, currency, notes, created_at, updated_at) VALUES ('proj_ny_andry_2026', 'agency_lems_2026', 'Mariage Ny & Andry', 'Ny Andry & Jenny', '2026-07-16', 'Le Conservatoire', 'en_cours', '#4318FF', 27000000, 'MGA', 'Événement religieux + réception. Vodiondry le 15 juillet. Budget COMPLET avec tous prestataires.', '2026-06-13 05:24:10', '2026-06-15 02:55:55');

-- TASKS
INSERT OR REPLACE INTO tasks (id, project_id, phase, category, name, duration, start_date, end_date, responsible_user_id, responsible_name, predecessor, status, sort_order, created_at, updated_at) VALUES ('P01', 'proj_ny_andry_2026', 'Préparation', 'Coordination', 'Signature du contrat de coordination', '1 jour', '2026-06-02', '2026-06-02', 'a0eebc99-9c0b-4ef8-bb6d-6bb9bd380a11', 'Coordinateur', NULL, 'Terminé', 0, '2026-06-13 05:24:10', '2026-06-15 01:58:18');
INSERT OR REPLACE INTO tasks (id, project_id, phase, category, name, duration, start_date, end_date, responsible_user_id, responsible_name, predecessor, status, sort_order, created_at, updated_at) VALUES ('P02', 'proj_ny_andry_2026', 'Préparation', 'Coordination', 'Réunion de cadrage avec les mariés', '1 jour', '2026-06-03', '2026-06-03', 'a0eebc99-9c0b-4ef8-bb6d-6bb9bd380a11', 'Coordinateur', NULL, 'Terminé', 0, '2026-06-13 05:24:10', '2026-06-15 11:42:45');
INSERT OR REPLACE INTO tasks (id, project_id, phase, category, name, duration, start_date, end_date, responsible_user_id, responsible_name, predecessor, status, sort_order, created_at, updated_at) VALUES ('P03', 'proj_ny_andry_2026', 'Préparation', 'Coordination', 'Visite technique du lieu', '1 jour', '2026-06-04', '2026-06-04', 'a0eebc99-9c0b-4ef8-bb6d-6bb9bd380a11', 'Coordinateur', NULL, 'Terminé', 0, '2026-06-13 05:24:10', '2026-06-13 05:24:10');
INSERT OR REPLACE INTO tasks (id, project_id, phase, category, name, duration, start_date, end_date, responsible_user_id, responsible_name, predecessor, status, sort_order, created_at, updated_at) VALUES ('P04', 'proj_ny_andry_2026', 'Préparation', 'Logistique', 'Inventaire tables et chaises avec le propriétaire', '1 jour', '2026-07-14', '2026-07-14', 'a0eebc99-9c0b-4ef8-bb6d-6bb9bd380a11', 'Coordinateur', NULL, 'À faire', 0, '2026-06-13 05:24:10', '2026-06-13 05:24:10');
INSERT OR REPLACE INTO tasks (id, project_id, phase, category, name, duration, start_date, end_date, responsible_user_id, responsible_name, predecessor, status, sort_order, created_at, updated_at) VALUES ('P05', 'proj_ny_andry_2026', 'Préparation', 'Logistique', 'Test de la puissance électrique du lieu', '1 jour', '2026-06-04', '2026-06-04', 'a0eebc99-9c0b-4ef8-bb6d-6bb9bd380a11', 'Coordinateur', NULL, 'À faire', 0, '2026-06-13 05:24:10', '2026-06-13 05:24:10');
INSERT OR REPLACE INTO tasks (id, project_id, phase, category, name, duration, start_date, end_date, responsible_user_id, responsible_name, predecessor, status, sort_order, created_at, updated_at) VALUES ('P06', 'proj_ny_andry_2026', 'Préparation', 'Prestataires', 'Confirmation Mi Rec Production (vidéo et photo)', '3 jours', '2026-06-05', '2026-06-09', 'a0eebc99-9c0b-4ef8-bb6d-6bb9bd380a11', 'Coordinateur', NULL, 'Terminé', 0, '2026-06-13 05:24:10', '2026-06-15 12:19:54');
INSERT OR REPLACE INTO tasks (id, project_id, phase, category, name, duration, start_date, end_date, responsible_user_id, responsible_name, predecessor, status, sort_order, created_at, updated_at) VALUES ('P07', 'proj_ny_andry_2026', 'Préparation', 'Prestataires', 'Confirmation Mama (cuisine)', '3 jours', '2026-06-03', '2026-06-05', 'a0eebc99-9c0b-4ef8-bb6d-6bb9bd380a11', 'Coordinateur', '', 'Terminé', 0, '2026-06-13 05:24:10', '2026-06-15 11:35:20');
INSERT OR REPLACE INTO tasks (id, project_id, phase, category, name, duration, start_date, end_date, responsible_user_id, responsible_name, predecessor, status, sort_order, created_at, updated_at) VALUES ('P08', 'proj_ny_andry_2026', 'Préparation', 'Prestataires', 'Confirmation Album Music (orchestre)', '3 jours', '2026-06-03', '2026-06-05', 'a0eebc99-9c0b-4ef8-bb6d-6bb9bd380a11', 'Coordinateur', NULL, 'Terminé', 0, '2026-06-13 05:24:10', '2026-06-15 11:35:27');
INSERT OR REPLACE INTO tasks (id, project_id, phase, category, name, duration, start_date, end_date, responsible_user_id, responsible_name, predecessor, status, sort_order, created_at, updated_at) VALUES ('P09', 'proj_ny_andry_2026', 'Préparation', 'Prestataires', 'Confirmation MRE (église et sonorisation)', '3 jours', '2026-06-03', '2026-06-05', 'a0eebc99-9c0b-4ef8-bb6d-6bb9bd380a11', 'Coordinateur', NULL, 'Terminé', 0, '2026-06-13 05:24:10', '2026-06-15 11:35:33');
INSERT OR REPLACE INTO tasks (id, project_id, phase, category, name, duration, start_date, end_date, responsible_user_id, responsible_name, predecessor, status, sort_order, created_at, updated_at) VALUES ('P10', 'proj_ny_andry_2026', 'Préparation', 'Prestataires', 'Confirmation Jennya (décoration)', '3 jours', '2026-06-03', '2026-06-05', 'a0eebc99-9c0b-4ef8-bb6d-6bb9bd380a11', 'Coordinateur', NULL, 'Terminé', 0, '2026-06-13 05:24:10', '2026-06-13 05:24:10');
INSERT OR REPLACE INTO tasks (id, project_id, phase, category, name, duration, start_date, end_date, responsible_user_id, responsible_name, predecessor, status, sort_order, created_at, updated_at) VALUES ('P11', 'proj_ny_andry_2026', 'Préparation', 'Logistique invités', 'Clôture définitive de la liste des invités', '5 jours', '2026-06-03', '2026-06-08', 'client_ny_001', 'Mariés', NULL, 'En cours', 0, '2026-06-13 05:24:10', '2026-06-15 12:24:50');
INSERT OR REPLACE INTO tasks (id, project_id, phase, category, name, duration, start_date, end_date, responsible_user_id, responsible_name, predecessor, status, sort_order, created_at, updated_at) VALUES ('P12', 'proj_ny_andry_2026', 'Préparation', 'Protocole', 'Définition du protocole Vodiondry avec les familles', '5 jours', '2026-06-09', '2026-06-13', 'a0eebc99-9c0b-4ef8-bb6d-6bb9bd380a11', 'Coordinateur', NULL, 'À faire', 0, '2026-06-13 05:24:10', '2026-06-13 05:24:10');
INSERT OR REPLACE INTO tasks (id, project_id, phase, category, name, duration, start_date, end_date, responsible_user_id, responsible_name, predecessor, status, sort_order, created_at, updated_at) VALUES ('P13', 'proj_ny_andry_2026', 'Préparation', 'Protocole', 'Confirmation de l''officier d''état civil', '3 jours', '2026-06-09', '2026-06-11', 'client_ny_001', 'Mariés', NULL, 'À faire', 0, '2026-06-13 05:24:10', '2026-06-13 05:24:10');
INSERT OR REPLACE INTO tasks (id, project_id, phase, category, name, duration, start_date, end_date, responsible_user_id, responsible_name, predecessor, status, sort_order, created_at, updated_at) VALUES ('P14', 'proj_ny_andry_2026', 'Préparation', 'Protocole', 'Confirmation des pasteurs Jocelyn et Solofo', '3 jours', '2026-06-09', '2026-06-11', 'client_ny_001', 'Mariés', NULL, 'À faire', 0, '2026-06-13 05:24:10', '2026-06-13 05:24:10');
INSERT OR REPLACE INTO tasks (id, project_id, phase, category, name, duration, start_date, end_date, responsible_user_id, responsible_name, predecessor, status, sort_order, created_at, updated_at) VALUES ('P16', 'proj_ny_andry_2026', 'Préparation', 'Son', 'Recherche prestataire sonorisation complémentaire', '4 jours', '2026-06-11', '2026-06-14', 'a0eebc99-9c0b-4ef8-bb6d-6bb9bd380a11', 'Coordinateur', NULL, 'Terminé', 0, '2026-06-13 05:24:10', '2026-06-15 11:37:37');
INSERT OR REPLACE INTO tasks (id, project_id, phase, category, name, duration, start_date, end_date, responsible_user_id, responsible_name, predecessor, status, sort_order, created_at, updated_at) VALUES ('P17', 'proj_ny_andry_2026', 'Préparation', 'Prestataires', 'Recherche prestataire effets spéciaux', '5 jours', '2026-06-09', '2026-06-13', 'a0eebc99-9c0b-4ef8-bb6d-6bb9bd380a11', 'Coordinateur', NULL, 'Terminé', 0, '2026-06-13 05:24:10', '2026-06-15 11:36:09');
INSERT OR REPLACE INTO tasks (id, project_id, phase, category, name, duration, start_date, end_date, responsible_user_id, responsible_name, predecessor, status, sort_order, created_at, updated_at) VALUES ('P18', 'proj_ny_andry_2026', 'Préparation', 'Prestataires', 'Recherche prestataire écrans géants', '5 jours', '2026-06-09', '2026-06-13', 'a0eebc99-9c0b-4ef8-bb6d-6bb9bd380a11', 'Coordinateur', NULL, 'Terminé', 0, '2026-06-13 05:24:10', '2026-06-13 05:24:10');
INSERT OR REPLACE INTO tasks (id, project_id, phase, category, name, duration, start_date, end_date, responsible_user_id, responsible_name, predecessor, status, sort_order, created_at, updated_at) VALUES ('P19', 'proj_ny_andry_2026', 'Préparation', 'Prestataires', 'Recherche prestataire jeux de lumières', '5 jours', '2026-06-09', '2026-06-13', 'a0eebc99-9c0b-4ef8-bb6d-6bb9bd380a11', 'Coordinateur', NULL, 'Terminé', 0, '2026-06-13 05:24:10', '2026-06-15 11:36:15');
INSERT OR REPLACE INTO tasks (id, project_id, phase, category, name, duration, start_date, end_date, responsible_user_id, responsible_name, predecessor, status, sort_order, created_at, updated_at) VALUES ('P20', 'proj_ny_andry_2026', 'Préparation', 'Prestataires', 'Recherche spectacle cirque style Aladin', '5 jours', '2026-06-09', '2026-06-13', 'a0eebc99-9c0b-4ef8-bb6d-6bb9bd380a11', 'Coordinateur', NULL, 'Terminé', 0, '2026-06-13 05:24:10', '2026-06-15 11:36:20');
INSERT OR REPLACE INTO tasks (id, project_id, phase, category, name, duration, start_date, end_date, responsible_user_id, responsible_name, predecessor, status, sort_order, created_at, updated_at) VALUES ('P21', 'proj_ny_andry_2026', 'Préparation', 'Prestataires', 'Confirmation DJ (le cas échéant)', '3 jours', '2026-06-09', '2026-06-11', 'a0eebc99-9c0b-4ef8-bb6d-6bb9bd380a11', 'Coordinateur', NULL, 'Terminé', 0, '2026-06-13 05:24:10', '2026-06-15 11:36:45');
INSERT OR REPLACE INTO tasks (id, project_id, phase, category, name, duration, start_date, end_date, responsible_user_id, responsible_name, predecessor, status, sort_order, created_at, updated_at) VALUES ('P22', 'proj_ny_andry_2026', 'Préparation', 'Logistique invités', 'Envoi des invitations', '2 jours', '2026-06-09', '2026-06-10', 'client_ny_001', 'Mariés', NULL, 'Terminé', 0, '2026-06-13 05:24:10', '2026-06-15 11:37:08');
INSERT OR REPLACE INTO tasks (id, project_id, phase, category, name, duration, start_date, end_date, responsible_user_id, responsible_name, predecessor, status, sort_order, created_at, updated_at) VALUES ('P23', 'proj_ny_andry_2026', 'Préparation', 'Restauration', 'Validation finale du menu avec Mama', '3 jours', '2026-06-16', '2026-06-18', 'a0eebc99-9c0b-4ef8-bb6d-6bb9bd380a11', 'Coordinateur', '', 'À faire', 0, '2026-06-13 05:24:10', '2026-06-15 11:37:47');
INSERT OR REPLACE INTO tasks (id, project_id, phase, category, name, duration, start_date, end_date, responsible_user_id, responsible_name, predecessor, status, sort_order, created_at, updated_at) VALUES ('P24', 'proj_ny_andry_2026', 'Préparation', 'Restauration', 'Validation de la carte des boissons', '2 jours', '2026-06-19', '2026-06-20', 'client_ny_001', 'Mariés', NULL, 'À faire', 0, '2026-06-13 05:24:10', '2026-06-13 05:24:10');
INSERT OR REPLACE INTO tasks (id, project_id, phase, category, name, duration, start_date, end_date, responsible_user_id, responsible_name, predecessor, status, sort_order, created_at, updated_at) VALUES ('P25', 'proj_ny_andry_2026', 'Préparation', 'Gâteaux', 'Commande et acompte pièce montée', '1 jour', '2026-06-16', '2026-06-16', 'client_ny_001', 'Mariés', NULL, 'À faire', 0, '2026-06-13 05:24:10', '2026-06-13 05:24:10');
INSERT OR REPLACE INTO tasks (id, project_id, phase, category, name, duration, start_date, end_date, responsible_user_id, responsible_name, predecessor, status, sort_order, created_at, updated_at) VALUES ('P26', 'proj_ny_andry_2026', 'Préparation', 'Gâteaux', 'Commande boîtes gâteaux des mamans 4', '4 jours', '2026-06-16', '2026-06-19', 'a0eebc99-9c0b-4ef8-bb6d-6bb9bd380a11', 'Coordinateur', '', 'À faire', 0, '2026-06-13 05:24:10', '2026-06-15 12:23:13');
INSERT OR REPLACE INTO tasks (id, project_id, phase, category, name, duration, start_date, end_date, responsible_user_id, responsible_name, predecessor, status, sort_order, created_at, updated_at) VALUES ('P27', 'proj_ny_andry_2026', 'Préparation', 'Décoration', 'Validation du plan de décoration avec Jennia', '5 jours', '2026-06-16', '2026-06-20', 'a0eebc99-9c0b-4ef8-bb6d-6bb9bd380a11', 'Coordinateur', '', 'À faire', 0, '2026-06-13 05:24:10', '2026-06-15 11:37:59');
INSERT OR REPLACE INTO tasks (id, project_id, phase, category, name, duration, start_date, end_date, responsible_user_id, responsible_name, predecessor, status, sort_order, created_at, updated_at) VALUES ('P28', 'proj_ny_andry_2026', 'Préparation', 'Logistique', 'Location des tables hautes pour cocktail', '3 jours', '2026-06-17', '2026-06-19', 'a0eebc99-9c0b-4ef8-bb6d-6bb9bd380a11', 'Coordinateur', NULL, 'Terminé', 0, '2026-06-13 05:24:10', '2026-06-15 11:38:10');
INSERT OR REPLACE INTO tasks (id, project_id, phase, category, name, duration, start_date, end_date, responsible_user_id, responsible_name, predecessor, status, sort_order, created_at, updated_at) VALUES ('P29', 'proj_ny_andry_2026', 'Préparation', 'Logistique', 'Location vaisselle, couverts et verrerie', '3 jours', '2026-06-17', '2026-06-19', 'a0eebc99-9c0b-4ef8-bb6d-6bb9bd380a11', 'Coordinateur', NULL, 'Terminé', 0, '2026-06-13 05:24:10', '2026-06-15 11:39:08');
INSERT OR REPLACE INTO tasks (id, project_id, phase, category, name, duration, start_date, end_date, responsible_user_id, responsible_name, predecessor, status, sort_order, created_at, updated_at) VALUES ('P30', 'proj_ny_andry_2026', 'Préparation', 'Sécurité', 'Autorisations lanternes et pyrotechnie', '5 jours', '2026-06-16', '2026-06-20', 'a0eebc99-9c0b-4ef8-bb6d-6bb9bd380a11', 'Coordinateur', NULL, 'À faire', 0, '2026-06-13 05:24:10', '2026-06-13 05:24:10');
INSERT OR REPLACE INTO tasks (id, project_id, phase, category, name, duration, start_date, end_date, responsible_user_id, responsible_name, predecessor, status, sort_order, created_at, updated_at) VALUES ('P31', 'proj_ny_andry_2026', 'Préparation', 'Lanternes', 'Commande des lanternes pour le lancer', '3 jours', '2026-06-22', '2026-06-24', 'a0eebc99-9c0b-4ef8-bb6d-6bb9bd380a11', 'Coordinateur', NULL, 'À faire', 0, '2026-06-13 05:24:10', '2026-06-13 05:24:10');
INSERT OR REPLACE INTO tasks (id, project_id, phase, category, name, duration, start_date, end_date, responsible_user_id, responsible_name, predecessor, status, sort_order, created_at, updated_at) VALUES ('P32', 'proj_ny_andry_2026', 'Préparation', 'Logistique invités', 'Suivi des confirmations de présence', '5 jours', '2026-06-23', '2026-06-27', 'client_ny_001', 'Mariés', NULL, 'En cours', 0, '2026-06-13 05:24:10', '2026-06-15 12:24:23');
INSERT OR REPLACE INTO tasks (id, project_id, phase, category, name, duration, start_date, end_date, responsible_user_id, responsible_name, predecessor, status, sort_order, created_at, updated_at) VALUES ('P33', 'proj_ny_andry_2026', 'Préparation', 'Logistique invités', 'Relance des invités non répondants', '3 jours', '2026-06-26', '2026-06-28', 'client_ny_001', 'Mariés', NULL, 'À faire', 0, '2026-06-13 05:24:10', '2026-06-13 05:24:10');
INSERT OR REPLACE INTO tasks (id, project_id, phase, category, name, duration, start_date, end_date, responsible_user_id, responsible_name, predecessor, status, sort_order, created_at, updated_at) VALUES ('P34', 'proj_ny_andry_2026', 'Préparation', 'Coordination', 'Réunion intermédiaire avec les mariés', '1 jour', '2026-06-25', '2026-06-25', 'a0eebc99-9c0b-4ef8-bb6d-6bb9bd380a11', 'Coordinateur', NULL, 'À faire', 0, '2026-06-13 05:24:10', '2026-06-13 05:24:10');
INSERT OR REPLACE INTO tasks (id, project_id, phase, category, name, duration, start_date, end_date, responsible_user_id, responsible_name, predecessor, status, sort_order, created_at, updated_at) VALUES ('P35', 'proj_ny_andry_2026', 'Préparation', 'Logistique invités', 'Finalisation du plan de table', '4 jours', '2026-06-30', '2026-07-03', 'client_ny_001', 'Mariés', NULL, 'En cours', 0, '2026-06-13 05:24:10', '2026-06-15 12:27:02');
INSERT OR REPLACE INTO tasks (id, project_id, phase, category, name, duration, start_date, end_date, responsible_user_id, responsible_name, predecessor, status, sort_order, created_at, updated_at) VALUES ('P36', 'proj_ny_andry_2026', 'Préparation', 'Coordination', 'Rédaction du conducteur heure par heure', '4 jours', '2026-06-30', '2026-07-03', 'a0eebc99-9c0b-4ef8-bb6d-6bb9bd380a11', 'Coordinateur', NULL, 'À faire', 0, '2026-06-13 05:24:10', '2026-06-13 05:24:10');
INSERT OR REPLACE INTO tasks (id, project_id, phase, category, name, duration, start_date, end_date, responsible_user_id, responsible_name, predecessor, status, sort_order, created_at, updated_at) VALUES ('P37', 'proj_ny_andry_2026', 'Préparation', 'Coordination', 'Validation du conducteur avec les mariés', '2 jours', '2026-07-04', '2026-07-05', 'client_ny_001', 'Mariés', NULL, 'À faire', 0, '2026-06-13 05:24:10', '2026-06-16 03:57:08');
INSERT OR REPLACE INTO tasks (id, project_id, phase, category, name, duration, start_date, end_date, responsible_user_id, responsible_name, predecessor, status, sort_order, created_at, updated_at) VALUES ('P38', 'proj_ny_andry_2026', 'Préparation', 'Sécurité', 'Vérification accès, issues de secours, extincteurs', '1 jour', '2026-07-07', '2026-07-07', 'a0eebc99-9c0b-4ef8-bb6d-6bb9bd380a11', 'Coordinateur', NULL, 'À faire', 0, '2026-06-13 05:24:10', '2026-06-13 05:24:10');
INSERT OR REPLACE INTO tasks (id, project_id, phase, category, name, duration, start_date, end_date, responsible_user_id, responsible_name, predecessor, status, sort_order, created_at, updated_at) VALUES ('P39', 'proj_ny_andry_2026', 'Préparation', 'Lanternes', 'Réception et test des lanternes', '2 jours', '2026-07-14', '2026-07-14', 'a0eebc99-9c0b-4ef8-bb6d-6bb9bd380a11', 'Coordinateur', NULL, 'À faire', 0, '2026-06-13 05:24:10', '2026-06-13 05:24:10');
INSERT OR REPLACE INTO tasks (id, project_id, phase, category, name, duration, start_date, end_date, responsible_user_id, responsible_name, predecessor, status, sort_order, created_at, updated_at) VALUES ('P40', 'proj_ny_andry_2026', 'Préparation', 'Barquettes', 'Commande et réception des barquettes MRE', '3 jours', '2026-07-08', '2026-07-10', 'a0eebc99-9c0b-4ef8-bb6d-6bb9bd380a11', 'Coordinateur', '', 'À faire', 0, '2026-06-13 05:24:10', '2026-06-15 11:40:25');
INSERT OR REPLACE INTO tasks (id, project_id, phase, category, name, duration, start_date, end_date, responsible_user_id, responsible_name, predecessor, status, sort_order, created_at, updated_at) VALUES ('P41', 'proj_ny_andry_2026', 'Préparation', 'Coordination', 'Briefing final avec tous les prestataires', '2 jours', '2026-07-13', '2026-07-14', 'a0eebc99-9c0b-4ef8-bb6d-6bb9bd380a11', 'Coordinateur', NULL, 'À faire', 0, '2026-06-13 05:24:10', '2026-06-13 05:24:10');
INSERT OR REPLACE INTO tasks (id, project_id, phase, category, name, duration, start_date, end_date, responsible_user_id, responsible_name, predecessor, status, sort_order, created_at, updated_at) VALUES ('P42', 'proj_ny_andry_2026', 'Préparation', 'Coordination', 'Préparation des fiches missions par prestataire', '2 jours', '2026-07-11', '2026-07-12', 'client_ny_001', 'Mariés', NULL, 'À faire', 0, '2026-06-13 05:24:10', '2026-06-13 05:24:10');
INSERT OR REPLACE INTO tasks (id, project_id, phase, category, name, duration, start_date, end_date, responsible_user_id, responsible_name, predecessor, status, sort_order, created_at, updated_at) VALUES ('P43', 'proj_ny_andry_2026', 'Préparation', 'Logistique', 'Vérification finale de toutes les commandes', '1 jour', '2026-07-14', '2026-07-14', 'a0eebc99-9c0b-4ef8-bb6d-6bb9bd380a11', 'Coordinateur', NULL, 'À faire', 0, '2026-06-13 05:24:10', '2026-06-13 05:24:10');
INSERT OR REPLACE INTO tasks (id, project_id, phase, category, name, duration, start_date, end_date, responsible_user_id, responsible_name, predecessor, status, sort_order, created_at, updated_at) VALUES ('T75', 'proj_ny_andry_2026', 'Préparation', 'Logistique invités', 'Distribution des faire-part d''invitation', '7 jours', '2026-06-08', '2026-06-13', 'client_ny_001', 'Mariés', NULL, 'Terminé', 0, '2026-06-13 05:24:10', '2026-06-15 11:35:48');
INSERT OR REPLACE INTO tasks (id, project_id, phase, category, name, duration, start_date, end_date, responsible_user_id, responsible_name, predecessor, status, sort_order, created_at, updated_at) VALUES ('V01', 'proj_ny_andry_2026', 'Veille', 'Décoration', 'Livraison du matériel de décoration', '2 heures', '2026-07-15', '2026-07-15', NULL, 'Jennya', NULL, 'À faire', 0, '2026-06-13 05:24:10', '2026-06-15 11:54:02');
INSERT OR REPLACE INTO tasks (id, project_id, phase, category, name, duration, start_date, end_date, responsible_user_id, responsible_name, predecessor, status, sort_order, created_at, updated_at) VALUES ('V02', 'proj_ny_andry_2026', 'Veille', 'Décoration', 'Installation complète de la décoration', '6 heures', '2026-07-15', '2026-07-15', NULL, 'Jennya', NULL, 'À faire', 0, '2026-06-13 05:24:10', '2026-06-13 05:24:10');
INSERT OR REPLACE INTO tasks (id, project_id, phase, category, name, duration, start_date, end_date, responsible_user_id, responsible_name, predecessor, status, sort_order, created_at, updated_at) VALUES ('V03', 'proj_ny_andry_2026', 'Veille', 'Lumières', 'Livraison du matériel jeux de lumières', '1 heure', '2026-07-15', '2026-07-15', NULL, 'Prestataire lumières', NULL, 'À faire', 0, '2026-06-13 05:24:10', '2026-06-13 05:24:10');
INSERT OR REPLACE INTO tasks (id, project_id, phase, category, name, duration, start_date, end_date, responsible_user_id, responsible_name, predecessor, status, sort_order, created_at, updated_at) VALUES ('V04', 'proj_ny_andry_2026', 'Veille', 'Lumières', 'Installation des jeux de lumières', '4 heures', '2026-07-15', '2026-07-15', NULL, 'Prestataire lumières', NULL, 'À faire', 0, '2026-06-13 05:24:10', '2026-06-13 05:24:10');
INSERT OR REPLACE INTO tasks (id, project_id, phase, category, name, duration, start_date, end_date, responsible_user_id, responsible_name, predecessor, status, sort_order, created_at, updated_at) VALUES ('V05', 'proj_ny_andry_2026', 'Veille', 'Lumières', 'Tests et réglages des lumières', '1 heure', '2026-07-15', '2026-07-15', NULL, 'Prestataire lumières', NULL, 'À faire', 0, '2026-06-13 05:24:10', '2026-06-13 05:24:10');
INSERT OR REPLACE INTO tasks (id, project_id, phase, category, name, duration, start_date, end_date, responsible_user_id, responsible_name, predecessor, status, sort_order, created_at, updated_at) VALUES ('V06', 'proj_ny_andry_2026', 'Veille', 'Orchestre', 'Livraison du matériel orchestre', '1 heure', '2026-07-15', '2026-07-15', 'p_lem_003', 'Album Music', NULL, 'À faire', 0, '2026-06-13 05:24:10', '2026-06-13 05:24:10');
INSERT OR REPLACE INTO tasks (id, project_id, phase, category, name, duration, start_date, end_date, responsible_user_id, responsible_name, predecessor, status, sort_order, created_at, updated_at) VALUES ('V07', 'proj_ny_andry_2026', 'Veille', 'Orchestre', 'Installation du matériel orchestre', '2 heures', '2026-07-15', '2026-07-15', 'p_lem_003', 'Album Music', NULL, 'À faire', 0, '2026-06-13 05:24:10', '2026-06-13 05:24:10');
INSERT OR REPLACE INTO tasks (id, project_id, phase, category, name, duration, start_date, end_date, responsible_user_id, responsible_name, predecessor, status, sort_order, created_at, updated_at) VALUES ('V08', 'proj_ny_andry_2026', 'Veille', 'Orchestre', 'Balance et tests son orchestre', '1 heure', '2026-07-15', '2026-07-15', 'p_lem_003', 'Album Music', NULL, 'À faire', 0, '2026-06-13 05:24:10', '2026-06-13 05:24:10');
INSERT OR REPLACE INTO tasks (id, project_id, phase, category, name, duration, start_date, end_date, responsible_user_id, responsible_name, predecessor, status, sort_order, created_at, updated_at) VALUES ('V09', 'proj_ny_andry_2026', 'Veille', 'Coordination', 'Tour de vérification générale', '1 heure', '2026-07-15', '2026-07-15', 'a0eebc99-9c0b-4ef8-bb6d-6bb9bd380a11', 'Coordinateur', NULL, 'À faire', 0, '2026-06-13 05:24:10', '2026-06-13 05:24:10');
INSERT OR REPLACE INTO tasks (id, project_id, phase, category, name, duration, start_date, end_date, responsible_user_id, responsible_name, predecessor, status, sort_order, created_at, updated_at) VALUES ('V10', 'proj_ny_andry_2026', 'Veille', 'Coordination', 'Validation de la checklist veille', '30 min', '2026-07-15', '2026-07-15', 'a0eebc99-9c0b-4ef8-bb6d-6bb9bd380a11', 'Coordinateur', NULL, 'À faire', 0, '2026-06-13 05:24:10', '2026-06-13 05:24:10');
INSERT OR REPLACE INTO tasks (id, project_id, phase, category, name, duration, start_date, end_date, responsible_user_id, responsible_name, predecessor, status, sort_order, created_at, updated_at) VALUES ('J02', 'proj_ny_andry_2026', 'Veille', 'Cuisine', 'Livraison des ustensiles de cuisine', '30 min', '2026-07-15', '2026-07-16', NULL, 'Vazaha', NULL, 'À faire', 0, '2026-06-13 05:24:10', '2026-06-13 05:24:10');
INSERT OR REPLACE INTO tasks (id, project_id, phase, category, name, duration, start_date, end_date, responsible_user_id, responsible_name, predecessor, status, sort_order, created_at, updated_at) VALUES ('J04', 'proj_ny_andry_2026', 'Veille', 'Cuisine', 'Installation complète de la cuisine', '1 heure', '2026-07-15', '2026-07-16', NULL, 'Vazaha', NULL, 'À faire', 0, '2026-06-13 05:24:10', '2026-06-13 05:24:10');
INSERT OR REPLACE INTO tasks (id, project_id, phase, category, name, duration, start_date, end_date, responsible_user_id, responsible_name, predecessor, status, sort_order, created_at, updated_at) VALUES ('J05', 'proj_ny_andry_2026', 'Veille', 'Cuisine', 'Début des préparations culinaires', 'Continue', '2026-07-15', '2026-07-16', NULL, 'Vazaha', NULL, 'À faire', 0, '2026-06-13 05:24:10', '2026-06-13 05:24:10');
INSERT OR REPLACE INTO tasks (id, project_id, phase, category, name, duration, start_date, end_date, responsible_user_id, responsible_name, predecessor, status, sort_order, created_at, updated_at) VALUES ('J07', 'proj_ny_andry_2026', 'Veille', 'Logistique', 'Livraison des tables hautes cocktail', '30 min', '2026-07-15', '2026-07-15', 'a0eebc99-9c0b-4ef8-bb6d-6bb9bd380a11', 'Équipe régie', NULL, 'À faire', 0, '2026-06-13 05:24:10', '2026-06-13 05:24:10');
INSERT OR REPLACE INTO tasks (id, project_id, phase, category, name, duration, start_date, end_date, responsible_user_id, responsible_name, predecessor, status, sort_order, created_at, updated_at) VALUES ('J01', 'proj_ny_andry_2026', 'Jour J', 'Cuisine', 'Arrivée équipe cuisine Vazaha', '30 min', '2026-07-16', '2026-07-16', NULL, 'Vazaha', NULL, 'À faire', 0, '2026-06-13 05:24:10', '2026-06-13 05:24:10');
INSERT OR REPLACE INTO tasks (id, project_id, phase, category, name, duration, start_date, end_date, responsible_user_id, responsible_name, predecessor, status, sort_order, created_at, updated_at) VALUES ('J03', 'proj_ny_andry_2026', 'Jour J', 'Cuisine', 'Livraison des denrées alimentaires', '30 min', '2026-07-16', '2026-07-16', NULL, 'Vazaha', NULL, 'À faire', 0, '2026-06-13 05:24:10', '2026-06-13 05:24:10');
INSERT OR REPLACE INTO tasks (id, project_id, phase, category, name, duration, start_date, end_date, responsible_user_id, responsible_name, predecessor, status, sort_order, created_at, updated_at) VALUES ('J06', 'proj_ny_andry_2026', 'Jour J', 'Coordination', 'Arrivée équipe de coordination', '15 min', '2026-07-16', '2026-07-16', 'a0eebc99-9c0b-4ef8-bb6d-6bb9bd380a11', 'Coordinateur', NULL, 'À faire', 0, '2026-06-13 05:24:10', '2026-06-13 05:24:10');
INSERT OR REPLACE INTO tasks (id, project_id, phase, category, name, duration, start_date, end_date, responsible_user_id, responsible_name, predecessor, status, sort_order, created_at, updated_at) VALUES ('J09', 'proj_ny_andry_2026', 'Jour J', 'Logistique', 'Mise en place de la signalétique', '30 min', '2026-07-16', '2026-07-16', NULL, 'Équipe régie', NULL, 'À faire', 0, '2026-06-13 05:24:10', '2026-06-13 05:24:10');
INSERT OR REPLACE INTO tasks (id, project_id, phase, category, name, duration, start_date, end_date, responsible_user_id, responsible_name, predecessor, status, sort_order, created_at, updated_at) VALUES ('J10', 'proj_ny_andry_2026', 'Jour J', 'Décoration', 'Retouches décoration matin', '1 heure', '2026-07-16', '2026-07-16', NULL, 'Jennya', NULL, 'À faire', 0, '2026-06-13 05:24:10', '2026-06-13 05:24:10');
INSERT OR REPLACE INTO tasks (id, project_id, phase, category, name, duration, start_date, end_date, responsible_user_id, responsible_name, predecessor, status, sort_order, created_at, updated_at) VALUES ('J11', 'proj_ny_andry_2026', 'Jour J', 'Vidéo et photo', 'Arrivée Mi Rec Production', '15 min', '2026-07-16', '2026-07-16', NULL, 'Mi Rec Production', NULL, 'À faire', 0, '2026-06-13 05:24:10', '2026-06-13 05:24:10');
INSERT OR REPLACE INTO tasks (id, project_id, phase, category, name, duration, start_date, end_date, responsible_user_id, responsible_name, predecessor, status, sort_order, created_at, updated_at) VALUES ('J12', 'proj_ny_andry_2026', 'Jour J', 'Vidéo et photo', 'Installation de l''écrans géants 73"', '1 heure', '2026-07-15', '2026-07-16', NULL, 'Mi Rec Production', NULL, 'À faire', 0, '2026-06-13 05:24:10', '2026-06-13 05:24:10');
INSERT OR REPLACE INTO tasks (id, project_id, phase, category, name, duration, start_date, end_date, responsible_user_id, responsible_name, predecessor, status, sort_order, created_at, updated_at) VALUES ('J13', 'proj_ny_andry_2026', 'Jour J', 'Vidéo et photo', 'Installation des caméras et tests', '30 min', '2026-07-16', '2026-07-16', NULL, 'Mi Rec Production', NULL, 'À faire', 0, '2026-06-13 05:24:10', '2026-06-13 05:24:10');
INSERT OR REPLACE INTO tasks (id, project_id, phase, category, name, duration, start_date, end_date, responsible_user_id, responsible_name, predecessor, status, sort_order, created_at, updated_at) VALUES ('J14', 'proj_ny_andry_2026', 'Jour J', 'Effets spéciaux', 'Arrivée prestataire effets spéciaux', '15 min', '2026-07-16', '2026-07-16', NULL, 'Prestataire FX', NULL, 'À faire', 0, '2026-06-13 05:24:10', '2026-06-13 05:24:10');
INSERT OR REPLACE INTO tasks (id, project_id, phase, category, name, duration, start_date, end_date, responsible_user_id, responsible_name, predecessor, status, sort_order, created_at, updated_at) VALUES ('J15', 'proj_ny_andry_2026', 'Jour J', 'Effets spéciaux', 'Installation et tests effets spéciaux', '1 heure', '2026-07-16', '2026-07-16', NULL, 'Prestataire FX', NULL, 'À faire', 0, '2026-06-13 05:24:10', '2026-06-13 05:24:10');
INSERT OR REPLACE INTO tasks (id, project_id, phase, category, name, duration, start_date, end_date, responsible_user_id, responsible_name, predecessor, status, sort_order, created_at, updated_at) VALUES ('J16', 'proj_ny_andry_2026', 'Jour J', 'Son', 'Arrivée MRE et installation son', '1 heure', '2026-07-16', '2026-07-16', 'p_lem_003', 'MRE', NULL, 'À faire', 0, '2026-06-13 05:24:10', '2026-06-13 05:24:10');
INSERT OR REPLACE INTO tasks (id, project_id, phase, category, name, duration, start_date, end_date, responsible_user_id, responsible_name, predecessor, status, sort_order, created_at, updated_at) VALUES ('J17', 'proj_ny_andry_2026', 'Jour J', 'Son', 'Tests micro et son', '30 min', '2026-07-16', '2026-07-16', 'p_lem_003', 'MRE', NULL, 'À faire', 0, '2026-06-13 05:24:10', '2026-06-13 05:24:10');
INSERT OR REPLACE INTO tasks (id, project_id, phase, category, name, duration, start_date, end_date, responsible_user_id, responsible_name, predecessor, status, sort_order, created_at, updated_at) VALUES ('J18', 'proj_ny_andry_2026', 'Jour J', 'Gâteaux', 'Livraison de la pièce montée', '15 min', '2026-07-16', '2026-07-16', NULL, 'Prestataire pâtisserie', NULL, 'À faire', 0, '2026-06-13 05:24:10', '2026-06-13 05:24:10');
INSERT OR REPLACE INTO tasks (id, project_id, phase, category, name, duration, start_date, end_date, responsible_user_id, responsible_name, predecessor, status, sort_order, created_at, updated_at) VALUES ('J19', 'proj_ny_andry_2026', 'Jour J', 'Gâteaux', 'Installation pièce montée et boîtes', '30 min', '2026-07-16', '2026-07-16', 'a0eebc99-9c0b-4ef8-bb6d-6bb9bd380a11', 'Équipe coordination', NULL, 'À faire', 0, '2026-06-13 05:24:10', '2026-06-13 05:24:10');
INSERT OR REPLACE INTO tasks (id, project_id, phase, category, name, duration, start_date, end_date, responsible_user_id, responsible_name, predecessor, status, sort_order, created_at, updated_at) VALUES ('J20', 'proj_ny_andry_2026', 'Jour J', 'Coordination', 'Briefing général tous prestataires', '30 min', '2026-07-16', '2026-07-16', 'a0eebc99-9c0b-4ef8-bb6d-6bb9bd380a11', 'Coordinateur', NULL, 'À faire', 0, '2026-06-13 05:24:10', '2026-06-13 05:24:10');
INSERT OR REPLACE INTO tasks (id, project_id, phase, category, name, duration, start_date, end_date, responsible_user_id, responsible_name, predecessor, status, sort_order, created_at, updated_at) VALUES ('J21', 'proj_ny_andry_2026', 'Jour J', 'Événement', 'Début événement — Accueil des invités', 'Continue', '2026-07-16', '2026-07-16', 'a0eebc99-9c0b-4ef8-bb6d-6bb9bd380a11', 'Coordinateur', NULL, 'À faire', 0, '2026-06-13 05:24:10', '2026-06-13 05:24:10');
INSERT OR REPLACE INTO tasks (id, project_id, phase, category, name, duration, start_date, end_date, responsible_user_id, responsible_name, predecessor, status, sort_order, created_at, updated_at) VALUES ('P44', 'proj_ny_andry_2026', 'Préparation', 'Coordination', 'Créer Groupe WhatsApp ou FB - diffusion direct jour J', '1 jour', '2026-06-15', '2026-07-12', 'u_1781520853282', 'Jenny', '', 'À faire', 0, '2026-06-15 11:48:01', '2026-06-15 11:48:01');
INSERT OR REPLACE INTO tasks (id, project_id, phase, category, name, duration, start_date, end_date, responsible_user_id, responsible_name, predecessor, status, sort_order, created_at, updated_at) VALUES ('P45', 'proj_ny_andry_2026', 'Veille', 'Coordination', 'Emmener la Box Internet', '1 jour', '2026-07-15', '2026-07-16', 'u_1781520853282', 'Jenny', '', 'À faire', 0, '2026-06-15 11:49:08', '2026-06-15 11:49:08');
INSERT OR REPLACE INTO tasks (id, project_id, phase, category, name, duration, start_date, end_date, responsible_user_id, responsible_name, predecessor, status, sort_order, created_at, updated_at) VALUES ('P46', 'proj_ny_andry_2026', 'Préparation', 'Coordination', 'Attente nom Regie Mic Rec 8 pax', '1 jour', '2026-06-22', '2026-06-28', 'u_1781520853282', 'Jenny', '', 'En cours', 0, '2026-06-15 11:49:48', '2026-06-15 12:29:05');
INSERT OR REPLACE INTO tasks (id, project_id, phase, category, name, duration, start_date, end_date, responsible_user_id, responsible_name, predecessor, status, sort_order, created_at, updated_at) VALUES ('P47', 'proj_ny_andry_2026', 'Préparation', 'Coordination', 'Envoie 3 photos Nous pour fond d''écran Mic Rec', '1 jour', '2026-06-28', '2026-07-05', NULL, 'Coordinateur', '', 'En cours', 0, '2026-06-15 11:50:42', '2026-06-15 12:26:54');

-- VENDORS
INSERT OR REPLACE INTO vendors (id, project_id, name, role, scope, color, statut, contact_name, contact_phone, contact_email, quote_amount, paid_amount, notes, created_at) VALUES ('vendor_1', 'proj_ny_andry_2026', 'Album Music', 'Orchestre', 'Cérémonie religieuse + cocktail', '#05CD99', 'confirme', 'Marc Durand', NULL, 'marc@albummusic.com', 12500000, 0, NULL, '2026-06-13 05:24:10');
INSERT OR REPLACE INTO vendors (id, project_id, name, role, scope, color, statut, contact_name, contact_phone, contact_email, quote_amount, paid_amount, notes, created_at) VALUES ('vendor_2', 'proj_ny_andry_2026', 'Mama', 'Traiteur', NULL, '#EE5D50', 'confirme', NULL, NULL, NULL, NULL, 0, NULL, '2026-06-13 05:24:10');
INSERT OR REPLACE INTO vendors (id, project_id, name, role, scope, color, statut, contact_name, contact_phone, contact_email, quote_amount, paid_amount, notes, created_at) VALUES ('vendor_3', 'proj_ny_andry_2026', 'Mi Rec Studio', 'Vidéo & Photo', 'Reportage complet jour J + écrans', '#4318FF', 'confirme', 'Pierre Dupont', NULL, 'pierre@mirec.mg', 25000000, 0, NULL, '2026-06-13 05:24:10');
INSERT OR REPLACE INTO vendors (id, project_id, name, role, scope, color, statut, contact_name, contact_phone, contact_email, quote_amount, paid_amount, notes, created_at) VALUES ('vendor_4', 'proj_ny_andry_2026', 'Jennya Décor', 'Décoration', 'Décoration salle + fleurs', '#7551FF', 'confirme', 'Nadia Leblanc', NULL, 'nadia@jennya.mg', 15000000, 0, NULL, '2026-06-13 05:24:10');
INSERT OR REPLACE INTO vendors (id, project_id, name, role, scope, color, statut, contact_name, contact_phone, contact_email, quote_amount, paid_amount, notes, created_at) VALUES ('vendor_5', 'proj_ny_andry_2026', 'MRE Son', 'Son & Éclairage', 'Son 3 cérémonies + lumières', '#FF6B6B', 'confirme', 'Christophe Martin', NULL, 'contact@mre.mg', 18000000, 0, NULL, '2026-06-13 05:24:10');
INSERT OR REPLACE INTO vendors (id, project_id, name, role, scope, color, statut, contact_name, contact_phone, contact_email, quote_amount, paid_amount, notes, created_at) VALUES ('v_1781488904165', 'proj_ny_andry_2026', 'Saprkular', 'Orchestre', NULL, '#1aa7ff', 'confirme', NULL, NULL, NULL, NULL, 0, NULL, '2026-06-15 02:01:39');

-- EXPENSES
INSERT OR REPLACE INTO expenses (id, project_id, vendor_id, label, category, amount, date, paid, invoice_ref, notes, created_at) VALUES ('exp_1', 'proj_ny_andry_2026', NULL, 'Acompte traiteur', 'Prestataires', 400000, '2026-03-15', 1, NULL, NULL, '2026-06-13 05:24:10');
INSERT OR REPLACE INTO expenses (id, project_id, vendor_id, label, category, amount, date, paid, invoice_ref, notes, created_at) VALUES ('exp_2', 'proj_ny_andry_2026', NULL, 'Acompte orchestre', 'Prestataires', 1000000, '2026-02-01', 0, NULL, NULL, '2026-06-13 05:24:10');
INSERT OR REPLACE INTO expenses (id, project_id, vendor_id, label, category, amount, date, paid, invoice_ref, notes, created_at) VALUES ('exp_3', 'proj_ny_andry_2026', NULL, 'Vidéo/photo', 'Prestataires', 2100000, '2026-03-01', 0, NULL, NULL, '2026-06-13 05:24:10');
INSERT OR REPLACE INTO expenses (id, project_id, vendor_id, label, category, amount, date, paid, invoice_ref, notes, created_at) VALUES ('exp_4', 'proj_ny_andry_2026', NULL, 'Acompte décoration', 'Prestataires', 200000, '2026-04-01', 0, NULL, NULL, '2026-06-13 05:24:10');
INSERT OR REPLACE INTO expenses (id, project_id, vendor_id, label, category, amount, date, paid, invoice_ref, notes, created_at) VALUES ('exp_5', 'proj_ny_andry_2026', NULL, 'Acompte son/lumières', 'Prestataires', 900000, '2026-02-15', 0, NULL, NULL, '2026-06-13 05:24:10');
INSERT OR REPLACE INTO expenses (id, project_id, vendor_id, label, category, amount, date, paid, invoice_ref, notes, created_at) VALUES ('exp_6', 'proj_ny_andry_2026', NULL, 'Pièce montée (gâteau)', 'Gâteaux', 500000, '2026-06-16', 0, NULL, NULL, '2026-06-13 05:24:10');
INSERT OR REPLACE INTO expenses (id, project_id, vendor_id, label, category, amount, date, paid, invoice_ref, notes, created_at) VALUES ('exp_7', 'proj_ny_andry_2026', NULL, 'Invitations', 'Papeterie', 350000, '2026-01-25', 1, NULL, NULL, '2026-06-13 05:24:10');
INSERT OR REPLACE INTO expenses (id, project_id, vendor_id, label, category, amount, date, paid, invoice_ref, notes, created_at) VALUES ('exp_8', 'proj_ny_andry_2026', NULL, 'Location tables hautes', 'Logistique', 400000, '2026-06-17', 0, NULL, NULL, '2026-06-13 05:24:10');
INSERT OR REPLACE INTO expenses (id, project_id, vendor_id, label, category, amount, date, paid, invoice_ref, notes, created_at) VALUES ('exp_9', 'proj_ny_andry_2026', NULL, 'Location vaisselle', 'Logistique', 200000, '2026-06-17', 0, NULL, NULL, '2026-06-13 05:24:10');
INSERT OR REPLACE INTO expenses (id, project_id, vendor_id, label, category, amount, date, paid, invoice_ref, notes, created_at) VALUES ('exp_10', 'proj_ny_andry_2026', NULL, 'Lanternes', 'Décoration', 250000, '2026-06-22', 0, NULL, NULL, '2026-06-13 05:24:10');
INSERT OR REPLACE INTO expenses (id, project_id, vendor_id, label, category, amount, date, paid, invoice_ref, notes, created_at) VALUES ('e_1781491500626', 'proj_ny_andry_2026', NULL, 'Paiement Transport', 'Autres', 200000, '2026-06-06', 0, NULL, NULL, '2026-06-15 02:44:56');

-- NOTIFICATIONS
INSERT OR REPLACE INTO notifications (id, user_id, project_id, type, title, message, is_read, related_entity_type, related_entity_id, created_at) VALUES ('n_1781488703326_nkq3n', 'a0eebc99-9c0b-4ef8-bb6d-6bb9bd380a11', 'proj_ny_andry_2026', 'task_status', 'Tâche : Terminé', '« Signature du contrat de coordination » est maintenant Terminé.', 1, 'task', 'P01', '2026-06-15 01:58:18');
INSERT OR REPLACE INTO notifications (id, user_id, project_id, type, title, message, is_read, related_entity_type, related_entity_id, created_at) VALUES ('n_1781488740447_7iuhp', 'client_ny_001', 'proj_ny_andry_2026', 'task_status', 'Tâche : En cours', '« Distribution des faire-part d''invitation » est maintenant En cours.', 0, 'task', 'T75', '2026-06-15 01:58:55');
INSERT OR REPLACE INTO notifications (id, user_id, project_id, type, title, message, is_read, related_entity_type, related_entity_id, created_at) VALUES ('n_1781488752686_0qi9n', 'a0eebc99-9c0b-4ef8-bb6d-6bb9bd380a11', 'proj_ny_andry_2026', 'task_status', 'Tâche : En cours', '« Confirmation Mi Rec Production (vidéo et photo) » est maintenant En cours.', 1, 'task', 'P06', '2026-06-15 01:59:08');
INSERT OR REPLACE INTO notifications (id, user_id, project_id, type, title, message, is_read, related_entity_type, related_entity_id, created_at) VALUES ('n_1781488904166_62i5q', 'a0eebc99-9c0b-4ef8-bb6d-6bb9bd380a11', 'proj_ny_andry_2026', 'vendor_added', 'Prestataire ajouté', 'Saprkular (Orchestre) a été ajouté au projet.', 1, 'vendor', 'v_1781488904165', '2026-06-15 02:01:39');
INSERT OR REPLACE INTO notifications (id, user_id, project_id, type, title, message, is_read, related_entity_type, related_entity_id, created_at) VALUES ('n_1781491500627_v04f1', 'a0eebc99-9c0b-4ef8-bb6d-6bb9bd380a11', 'proj_ny_andry_2026', 'budget_added', 'Nouvelle dépense', 'Paiement Transport — 200 000 Ar (en attente).', 0, 'expense', 'e_1781491500626', '2026-06-15 02:44:56');
INSERT OR REPLACE INTO notifications (id, user_id, project_id, type, title, message, is_read, related_entity_type, related_entity_id, created_at) VALUES ('n_1781523325344_sw7of', 'a0eebc99-9c0b-4ef8-bb6d-6bb9bd380a11', 'proj_ny_andry_2026', 'task_status', 'Tâche : En cours', '« Confirmation Album Music (orchestre) » est maintenant En cours.', 0, 'task', 'P08', '2026-06-15 11:35:25');
INSERT OR REPLACE INTO notifications (id, user_id, project_id, type, title, message, is_read, related_entity_type, related_entity_id, created_at) VALUES ('n_1781523327232_o1302', 'a0eebc99-9c0b-4ef8-bb6d-6bb9bd380a11', 'proj_ny_andry_2026', 'task_status', 'Tâche : Terminé', '« Confirmation Album Music (orchestre) » est maintenant Terminé.', 0, 'task', 'P08', '2026-06-15 11:35:27');
INSERT OR REPLACE INTO notifications (id, user_id, project_id, type, title, message, is_read, related_entity_type, related_entity_id, created_at) VALUES ('n_1781523333116_lo5fy', 'a0eebc99-9c0b-4ef8-bb6d-6bb9bd380a11', 'proj_ny_andry_2026', 'task_status', 'Tâche : En cours', '« Confirmation MRE (église et sonorisation) » est maintenant En cours.', 0, 'task', 'P09', '2026-06-15 11:35:33');
INSERT OR REPLACE INTO notifications (id, user_id, project_id, type, title, message, is_read, related_entity_type, related_entity_id, created_at) VALUES ('n_1781523333632_e7h8w', 'a0eebc99-9c0b-4ef8-bb6d-6bb9bd380a11', 'proj_ny_andry_2026', 'task_status', 'Tâche : Terminé', '« Confirmation MRE (église et sonorisation) » est maintenant Terminé.', 0, 'task', 'P09', '2026-06-15 11:35:33');
INSERT OR REPLACE INTO notifications (id, user_id, project_id, type, title, message, is_read, related_entity_type, related_entity_id, created_at) VALUES ('n_1781523341838_dp1of', 'a0eebc99-9c0b-4ef8-bb6d-6bb9bd380a11', 'proj_ny_andry_2026', 'task_status', 'Tâche : Terminé', '« Confirmation Mi Rec Production (vidéo et photo) » est maintenant Terminé.', 0, 'task', 'P06', '2026-06-15 11:35:42');
INSERT OR REPLACE INTO notifications (id, user_id, project_id, type, title, message, is_read, related_entity_type, related_entity_id, created_at) VALUES ('n_1781523342117_3v84x', 'a0eebc99-9c0b-4ef8-bb6d-6bb9bd380a11', 'proj_ny_andry_2026', 'task_status', 'Tâche : À faire', '« Confirmation Mi Rec Production (vidéo et photo) » est maintenant À faire.', 0, 'task', 'P06', '2026-06-15 11:35:42');
INSERT OR REPLACE INTO notifications (id, user_id, project_id, type, title, message, is_read, related_entity_type, related_entity_id, created_at) VALUES ('n_1781523342936_eesry', 'a0eebc99-9c0b-4ef8-bb6d-6bb9bd380a11', 'proj_ny_andry_2026', 'task_status', 'Tâche : En cours', '« Confirmation Mi Rec Production (vidéo et photo) » est maintenant En cours.', 0, 'task', 'P06', '2026-06-15 11:35:43');
INSERT OR REPLACE INTO notifications (id, user_id, project_id, type, title, message, is_read, related_entity_type, related_entity_id, created_at) VALUES ('n_1781523343714_656ak', 'a0eebc99-9c0b-4ef8-bb6d-6bb9bd380a11', 'proj_ny_andry_2026', 'task_status', 'Tâche : Terminé', '« Confirmation Mi Rec Production (vidéo et photo) » est maintenant Terminé.', 0, 'task', 'P06', '2026-06-15 11:35:43');
INSERT OR REPLACE INTO notifications (id, user_id, project_id, type, title, message, is_read, related_entity_type, related_entity_id, created_at) VALUES ('n_1781523345833_90yie', 'a0eebc99-9c0b-4ef8-bb6d-6bb9bd380a11', 'proj_ny_andry_2026', 'task_status', 'Tâche : Terminé', '« Confirmation Mi Rec Production (vidéo et photo) » est maintenant Terminé.', 0, 'task', 'P06', '2026-06-15 11:35:46');
INSERT OR REPLACE INTO notifications (id, user_id, project_id, type, title, message, is_read, related_entity_type, related_entity_id, created_at) VALUES ('n_1781523346664_qju05', 'client_ny_001', 'proj_ny_andry_2026', 'task_status', 'Tâche : Terminé', '« Distribution des faire-part d''invitation » est maintenant Terminé.', 0, 'task', 'T75', '2026-06-15 11:35:46');
INSERT OR REPLACE INTO notifications (id, user_id, project_id, type, title, message, is_read, related_entity_type, related_entity_id, created_at) VALUES ('n_1781523346850_49jlq', 'client_ny_001', 'proj_ny_andry_2026', 'task_status', 'Tâche : À faire', '« Distribution des faire-part d''invitation » est maintenant À faire.', 0, 'task', 'T75', '2026-06-15 11:35:46');
INSERT OR REPLACE INTO notifications (id, user_id, project_id, type, title, message, is_read, related_entity_type, related_entity_id, created_at) VALUES ('n_1781523347444_ulzea', 'client_ny_001', 'proj_ny_andry_2026', 'task_status', 'Tâche : En cours', '« Distribution des faire-part d''invitation » est maintenant En cours.', 0, 'task', 'T75', '2026-06-15 11:35:47');
INSERT OR REPLACE INTO notifications (id, user_id, project_id, type, title, message, is_read, related_entity_type, related_entity_id, created_at) VALUES ('n_1781523348015_z8we1', 'client_ny_001', 'proj_ny_andry_2026', 'task_status', 'Tâche : Terminé', '« Distribution des faire-part d''invitation » est maintenant Terminé.', 0, 'task', 'T75', '2026-06-15 11:35:48');
INSERT OR REPLACE INTO notifications (id, user_id, project_id, type, title, message, is_read, related_entity_type, related_entity_id, created_at) VALUES ('n_1781523348410_5ze6k', 'a0eebc99-9c0b-4ef8-bb6d-6bb9bd380a11', 'proj_ny_andry_2026', 'task_status', 'Tâche : À faire', '« Confirmation Mi Rec Production (vidéo et photo) » est maintenant À faire.', 0, 'task', 'P06', '2026-06-15 11:35:48');
INSERT OR REPLACE INTO notifications (id, user_id, project_id, type, title, message, is_read, related_entity_type, related_entity_id, created_at) VALUES ('n_1781523369842_f2byl', 'a0eebc99-9c0b-4ef8-bb6d-6bb9bd380a11', 'proj_ny_andry_2026', 'task_status', 'Tâche : Terminé', '« Recherche prestataire effets spéciaux » est maintenant Terminé.', 0, 'task', 'P17', '2026-06-15 11:36:09');
INSERT OR REPLACE INTO notifications (id, user_id, project_id, type, title, message, is_read, related_entity_type, related_entity_id, created_at) VALUES ('n_1781523375577_j5x4h', 'a0eebc99-9c0b-4ef8-bb6d-6bb9bd380a11', 'proj_ny_andry_2026', 'task_status', 'Tâche : Terminé', '« Recherche prestataire jeux de lumières » est maintenant Terminé.', 0, 'task', 'P19', '2026-06-15 11:36:15');
INSERT OR REPLACE INTO notifications (id, user_id, project_id, type, title, message, is_read, related_entity_type, related_entity_id, created_at) VALUES ('n_1781523380346_vronk', 'a0eebc99-9c0b-4ef8-bb6d-6bb9bd380a11', 'proj_ny_andry_2026', 'task_status', 'Tâche : Terminé', '« Recherche spectacle cirque style Aladin » est maintenant Terminé.', 0, 'task', 'P20', '2026-06-15 11:36:20');
INSERT OR REPLACE INTO notifications (id, user_id, project_id, type, title, message, is_read, related_entity_type, related_entity_id, created_at) VALUES ('n_1781523404280_a3sx0', 'a0eebc99-9c0b-4ef8-bb6d-6bb9bd380a11', 'proj_ny_andry_2026', 'task_status', 'Tâche : En cours', '« Confirmation DJ (le cas échéant) » est maintenant En cours.', 0, 'task', 'P21', '2026-06-15 11:36:44');
INSERT OR REPLACE INTO notifications (id, user_id, project_id, type, title, message, is_read, related_entity_type, related_entity_id, created_at) VALUES ('n_1781523404916_r4uy6', 'a0eebc99-9c0b-4ef8-bb6d-6bb9bd380a11', 'proj_ny_andry_2026', 'task_status', 'Tâche : Terminé', '« Confirmation DJ (le cas échéant) » est maintenant Terminé.', 0, 'task', 'P21', '2026-06-15 11:36:45');
INSERT OR REPLACE INTO notifications (id, user_id, project_id, type, title, message, is_read, related_entity_type, related_entity_id, created_at) VALUES ('n_1781523427679_rnvhj', 'client_ny_001', 'proj_ny_andry_2026', 'task_status', 'Tâche : En cours', '« Envoi des invitations » est maintenant En cours.', 0, 'task', 'P22', '2026-06-15 11:37:07');
INSERT OR REPLACE INTO notifications (id, user_id, project_id, type, title, message, is_read, related_entity_type, related_entity_id, created_at) VALUES ('n_1781523428192_sit72', 'client_ny_001', 'proj_ny_andry_2026', 'task_status', 'Tâche : Terminé', '« Envoi des invitations » est maintenant Terminé.', 0, 'task', 'P22', '2026-06-15 11:37:08');
INSERT OR REPLACE INTO notifications (id, user_id, project_id, type, title, message, is_read, related_entity_type, related_entity_id, created_at) VALUES ('n_1781523456635_qb3v5', 'a0eebc99-9c0b-4ef8-bb6d-6bb9bd380a11', 'proj_ny_andry_2026', 'task_status', 'Tâche : En cours', '« Recherche prestataire sonorisation complémentaire » est maintenant En cours.', 0, 'task', 'P16', '2026-06-15 11:37:37');
INSERT OR REPLACE INTO notifications (id, user_id, project_id, type, title, message, is_read, related_entity_type, related_entity_id, created_at) VALUES ('n_1781523457140_snuzg', 'a0eebc99-9c0b-4ef8-bb6d-6bb9bd380a11', 'proj_ny_andry_2026', 'task_status', 'Tâche : Terminé', '« Recherche prestataire sonorisation complémentaire » est maintenant Terminé.', 0, 'task', 'P16', '2026-06-15 11:37:37');
INSERT OR REPLACE INTO notifications (id, user_id, project_id, type, title, message, is_read, related_entity_type, related_entity_id, created_at) VALUES ('n_1781523489276_uigvs', 'a0eebc99-9c0b-4ef8-bb6d-6bb9bd380a11', 'proj_ny_andry_2026', 'task_status', 'Tâche : En cours', '« Location des tables hautes pour cocktail » est maintenant En cours.', 0, 'task', 'P28', '2026-06-15 11:38:09');
INSERT OR REPLACE INTO notifications (id, user_id, project_id, type, title, message, is_read, related_entity_type, related_entity_id, created_at) VALUES ('n_1781523490007_e6ape', 'a0eebc99-9c0b-4ef8-bb6d-6bb9bd380a11', 'proj_ny_andry_2026', 'task_status', 'Tâche : Terminé', '« Location des tables hautes pour cocktail » est maintenant Terminé.', 0, 'task', 'P28', '2026-06-15 11:38:10');
INSERT OR REPLACE INTO notifications (id, user_id, project_id, type, title, message, is_read, related_entity_type, related_entity_id, created_at) VALUES ('n_1781523548021_cy3xp', 'a0eebc99-9c0b-4ef8-bb6d-6bb9bd380a11', 'proj_ny_andry_2026', 'task_status', 'Tâche : En cours', '« Location vaisselle, couverts et verrerie » est maintenant En cours.', 0, 'task', 'P29', '2026-06-15 11:39:08');
INSERT OR REPLACE INTO notifications (id, user_id, project_id, type, title, message, is_read, related_entity_type, related_entity_id, created_at) VALUES ('n_1781523548481_czwkm', 'a0eebc99-9c0b-4ef8-bb6d-6bb9bd380a11', 'proj_ny_andry_2026', 'task_status', 'Tâche : Terminé', '« Location vaisselle, couverts et verrerie » est maintenant Terminé.', 0, 'task', 'P29', '2026-06-15 11:39:08');
INSERT OR REPLACE INTO notifications (id, user_id, project_id, type, title, message, is_read, related_entity_type, related_entity_id, created_at) VALUES ('n_1781523762676_00rko', 'a0eebc99-9c0b-4ef8-bb6d-6bb9bd380a11', 'proj_ny_andry_2026', 'task_status', 'Tâche : À faire', '« Réunion de cadrage avec les mariés » est maintenant À faire.', 0, 'task', 'P02', '2026-06-15 11:42:44');
INSERT OR REPLACE INTO notifications (id, user_id, project_id, type, title, message, is_read, related_entity_type, related_entity_id, created_at) VALUES ('n_1781523763856_odcdx', 'a0eebc99-9c0b-4ef8-bb6d-6bb9bd380a11', 'proj_ny_andry_2026', 'task_status', 'Tâche : En cours', '« Réunion de cadrage avec les mariés » est maintenant En cours.', 0, 'task', 'P02', '2026-06-15 11:42:44');
INSERT OR REPLACE INTO notifications (id, user_id, project_id, type, title, message, is_read, related_entity_type, related_entity_id, created_at) VALUES ('n_1781523764989_g8g72', 'a0eebc99-9c0b-4ef8-bb6d-6bb9bd380a11', 'proj_ny_andry_2026', 'task_status', 'Tâche : Terminé', '« Réunion de cadrage avec les mariés » est maintenant Terminé.', 0, 'task', 'P02', '2026-06-15 11:42:45');
INSERT OR REPLACE INTO notifications (id, user_id, project_id, type, title, message, is_read, related_entity_type, related_entity_id, created_at) VALUES ('n_1781524081611_5gk8c', 'u_1781520853282', 'proj_ny_andry_2026', 'task_assigned', 'Nouvelle tâche assignée', 'Vous avez été assigné(e) à « Créer Groupe WhatsApp ou FB - diffusion direct jour J ».', 0, 'task', 'P44', '2026-06-15 11:48:01');
INSERT OR REPLACE INTO notifications (id, user_id, project_id, type, title, message, is_read, related_entity_type, related_entity_id, created_at) VALUES ('n_1781524148835_16iyu', 'u_1781520853282', 'proj_ny_andry_2026', 'task_assigned', 'Nouvelle tâche assignée', 'Vous avez été assigné(e) à « Emmener la Box Internet ».', 0, 'task', 'P45', '2026-06-15 11:49:08');
INSERT OR REPLACE INTO notifications (id, user_id, project_id, type, title, message, is_read, related_entity_type, related_entity_id, created_at) VALUES ('n_1781524188442_34ejj', 'u_1781520853282', 'proj_ny_andry_2026', 'task_assigned', 'Nouvelle tâche assignée', 'Vous avez été assigné(e) à « Attente nom Regie Mic Rec ».', 0, 'task', 'P46', '2026-06-15 11:49:48');
INSERT OR REPLACE INTO notifications (id, user_id, project_id, type, title, message, is_read, related_entity_type, related_entity_id, created_at) VALUES ('n_1781525986078_jwz8m', 'a0eebc99-9c0b-4ef8-bb6d-6bb9bd380a11', 'proj_ny_andry_2026', 'task_status', 'Tâche : En cours', '« Confirmation Mi Rec Production (vidéo et photo) » est maintenant En cours.', 0, 'task', 'P06', '2026-06-15 12:19:46');
INSERT OR REPLACE INTO notifications (id, user_id, project_id, type, title, message, is_read, related_entity_type, related_entity_id, created_at) VALUES ('n_1781525994401_qzmwc', 'a0eebc99-9c0b-4ef8-bb6d-6bb9bd380a11', 'proj_ny_andry_2026', 'task_status', 'Tâche : Terminé', '« Confirmation Mi Rec Production (vidéo et photo) » est maintenant Terminé.', 0, 'task', 'P06', '2026-06-15 12:19:54');
INSERT OR REPLACE INTO notifications (id, user_id, project_id, type, title, message, is_read, related_entity_type, related_entity_id, created_at) VALUES ('n_1781526263044_snce5', 'client_ny_001', 'proj_ny_andry_2026', 'task_status', 'Tâche : En cours', '« Suivi des confirmations de présence » est maintenant En cours.', 0, 'task', 'P32', '2026-06-15 12:24:23');
INSERT OR REPLACE INTO notifications (id, user_id, project_id, type, title, message, is_read, related_entity_type, related_entity_id, created_at) VALUES ('n_1781526290326_533s4', 'client_ny_001', 'proj_ny_andry_2026', 'task_status', 'Tâche : En cours', '« Clôture définitive de la liste des invités » est maintenant En cours.', 0, 'task', 'P11', '2026-06-15 12:24:50');
INSERT OR REPLACE INTO notifications (id, user_id, project_id, type, title, message, is_read, related_entity_type, related_entity_id, created_at) VALUES ('n_1781526408516_8hrw4', 'u_1781520853282', 'proj_ny_andry_2026', 'task_status', 'Tâche : En cours', '« Attente nom Regie Mic Rec » est maintenant En cours.', 0, 'task', 'P46', '2026-06-15 12:26:49');
INSERT OR REPLACE INTO notifications (id, user_id, project_id, type, title, message, is_read, related_entity_type, related_entity_id, created_at) VALUES ('n_1781526422644_1oa0b', 'client_ny_001', 'proj_ny_andry_2026', 'task_status', 'Tâche : En cours', '« Finalisation du plan de table » est maintenant En cours.', 0, 'task', 'P35', '2026-06-15 12:27:02');
INSERT OR REPLACE INTO notifications (id, user_id, project_id, type, title, message, is_read, related_entity_type, related_entity_id, created_at) VALUES ('n_1781582227436_i1bds', 'client_ny_001', 'proj_ny_andry_2026', 'task_status', 'Tâche : À faire', '« Validation du conducteur avec les mariés » est maintenant À faire.', 0, 'task', 'P37', '2026-06-16 03:57:01');
INSERT OR REPLACE INTO notifications (id, user_id, project_id, type, title, message, is_read, related_entity_type, related_entity_id, created_at) VALUES ('n_1781582232121_0u99u', 'client_ny_001', 'proj_ny_andry_2026', 'task_status', 'Tâche : Terminé', '« Validation du conducteur avec les mariés » est maintenant Terminé.', 0, 'task', 'P37', '2026-06-16 03:57:06');
INSERT OR REPLACE INTO notifications (id, user_id, project_id, type, title, message, is_read, related_entity_type, related_entity_id, created_at) VALUES ('n_1781582234489_vr9va', 'client_ny_001', 'proj_ny_andry_2026', 'task_status', 'Tâche : À faire', '« Validation du conducteur avec les mariés » est maintenant À faire.', 0, 'task', 'P37', '2026-06-16 03:57:08');

-- Réactiver les contraintes de clé étrangère
PRAGMA foreign_keys = ON;
